Person Id,Course Short Name,Course Start Date,Course End Date,Course Flight Hours,E2E Course Days
538110,2 Private,09/05/2018,03/12/2019,67.7,188
538110,3 Inst,03/22/2019,06/18/2019,30.4,88
538110,4 Com Sgl,07/02/2019,12/11/2019,127.9,162
538110,5 Com Mul,02/24/2021,05/25/2021,21.4,90
538110,6 CFI,12/16/2019,02/20/2020,13.6,66
538110,8 CFII,10/01/2020,02/23/2021,17.6,145
538110,9 MEI,06/01/2021,09/23/2021,29.2,114
538111,1 Intro,09/03/2018,10/08/2018,8.2,35
538407,2 Private,09/05/2018,12/05/2018,43.9,91
538407,3 Inst,12/11/2018,03/19/2019,39.7,98
538407,4 Com Sgl,03/28/2019,11/08/2019,134.8,225
538407,5 Com Mul,11/13/2019,01/20/2020,18.5,68
538408,1 Intro,09/06/2018,09/27/2018,16.8,21
538408,3 Inst,09/05/2018,02/09/2019,51.9,157
538408,4 Com Sgl,02/15/2019,07/24/2019,120.1,159
538408,5 Com Mul,01/30/2020,05/27/2020,15.7,118
538408,8 CFII,10/14/2019,11/13/2019,6.0,30
538409,2 Private,09/05/2018,01/03/2019,54.0,120
538409,3 Inst,01/04/2019,04/11/2019,37.9,97
538409,4 Com Sgl,04/22/2019,09/16/2019,121.0,147
538409,5 Com Mul,06/23/2020,09/15/2020,14.4,84
538409,6 CFI,10/07/2019,01/02/2020,5.2,87
538409,8 CFII,02/06/2020,05/23/2020,8.6,107
538410,2 Private,09/05/2018,12/19/2018,55.2,105
538410,3 Inst,01/14/2019,03/21/2019,33.7,66
538410,4 Com Sgl,03/22/2019,06/13/2019,113.3,83
538410,5 Com Mul,01/02/2020,05/30/2020,19.7,149
538411,2 Private,09/05/2018,02/08/2019,62.9,156
538411,3 Inst,02/22/2019,05/21/2019,37.9,88
538411,4 Com Sgl,06/12/2019,12/21/2019,131.3,192
538411,5 Com Mul,01/29/2021,04/14/2021,20.1,75
538411,6 CFI,01/17/2020,06/29/2020,14.4,164
538411,8 CFII,08/03/2020,09/28/2020,10.3,56
538411,9 MEI,04/15/2021,07/26/2021,19.4,102
538412,2 Private,09/05/2018,12/20/2018,54.1,106
538412,3 Inst,02/09/2019,03/29/2019,26.8,48
538412,4 Com Sgl,04/02/2019,06/11/2019,111.0,70
538412,5 Com Mul,01/03/2020,05/30/2020,16.3,148
538413,1 Intro,09/10/2018,09/27/2018,8.8,17
538413,5 Com Mul,10/29/2019,01/20/2020,17.4,83
538414,2 Private,09/05/2018,03/05/2019,82.1,181
538414,3 Inst,03/11/2019,06/13/2019,44.1,94
538414,4 Com Sgl,06/14/2019,11/06/2019,124.4,145
538414,5 Com Mul,11/14/2019,01/08/2020,24.7,55
538414,6 CFI,12/16/2019,02/20/2020,13.4,66
538414,8 CFII,03/17/2020,06/23/2020,8.6,98
538415,3 Inst,01/01/2019,04/18/2019,65.9,107
538416,1 Intro,09/06/2018,09/14/2018,7.5,8
538417,2 Private,09/05/2018,02/21/2019,64.2,169
538417,3 Inst,03/20/2019,06/01/2019,49.5,73
538417,4 Com Sgl,06/13/2019,01/23/2020,145.7,224
538417,5 Com Mul,12/07/2020,03/22/2021,19.2,105
538417,6 CFI,01/17/2020,06/26/2020,19.3,161
538417,8 CFII,07/24/2020,09/05/2020,8.1,43
538417,9 MEI,03/23/2021,04/26/2021,14.7,34
543679,2 Private,10/01/2018,03/04/2019,61.0,154
543679,3 Inst,03/11/2019,05/10/2019,29.0,60
543679,4 Com Sgl,05/16/2019,08/16/2019,120.0,92
543679,5 Com Mul,09/01/2020,12/18/2020,17.9,108
543679,8 CFII,02/06/2020,05/31/2020,5.8,115
543679,9 MEI,12/21/2020,02/02/2021,15.9,43
543680,2 Private,10/01/2018,07/31/2019,83.2,303
543680,3 Inst,08/14/2019,12/11/2019,57.5,119
543680,4 Com Sgl,12/20/2019,10/01/2020,125.3,286
543680,5 Com Mul,10/14/2020,12/29/2020,22.5,76
543681,2 Private,10/01/2018,01/31/2019,55.4,122
543681,3 Inst,02/16/2019,04/11/2019,26.0,54
543681,4 Com Sgl,04/22/2019,10/18/2019,135.2,179
543687,1 Intro,10/01/2018,11/05/2018,18.0,35
543687,3 Inst,10/29/2018,03/08/2019,47.0,130
543687,4 Com Sgl,03/14/2019,09/13/2019,120.6,183
543689,1 Intro,10/01/2018,10/25/2018,19.6,24
543692,1 Intro,10/01/2018,11/02/2018,13.0,32
543692,3 Inst,11/13/2018,03/26/2019,52.9,133
543692,4 Com Sgl,03/29/2019,11/17/2019,128.9,233
543692,6 CFI,12/23/2019,10/06/2020,27.8,288
543704,2 Private,10/01/2018,01/30/2019,60.5,121
543704,3 Inst,02/25/2019,06/14/2019,35.3,109
543704,4 Com Sgl,07/10/2019,12/26/2019,141.1,169
543704,5 Com Mul,02/01/2021,04/16/2021,18.8,74
543704,6 CFI,01/17/2020,07/20/2020,16.7,185
543704,8 CFII,09/14/2020,01/23/2021,12.1,131
543704,9 MEI,04/20/2021,06/05/2021,23.8,46
552909,2 Private,11/05/2018,06/27/2019,58.7,234
552909,3 Inst,07/10/2019,05/31/2020,74.7,326
552909,4 Com Sgl,06/14/2020,09/02/2021,156.7,445
552915,2 Private,11/05/2018,03/11/2019,60.6,126
552915,3 Inst,03/19/2019,06/03/2019,35.5,76
552915,4 Com Sgl,06/11/2019,03/02/2021,137.1,630
552915,5 Com Mul,03/04/2021,04/26/2021,18.5,53
553328,2 Private,11/05/2018,04/09/2019,58.1,155
553328,3 Inst,04/16/2019,07/19/2019,38.4,94
553328,4 Com Sgl,07/26/2019,12/05/2019,137.9,132
553328,5 Com Mul,01/29/2021,05/06/2021,27.0,97
553328,6 CFI,12/16/2019,02/02/2020,9.2,48
553328,8 CFII,06/24/2020,08/03/2020,5.9,40
553328,9 MEI,05/07/2021,08/04/2021,25.5,89
553334,1 Intro,11/05/2018,01/25/2019,18.4,81
553337,1 Intro,11/05/2018,12/09/2018,11.0,34
553337,3 Inst,12/09/2018,03/16/2019,48.4,97
553337,4 Com Sgl,03/19/2019,08/15/2019,123.4,149
553337,5 Com Mul,06/01/2020,07/23/2020,7.5,52
553337,8 CFII,10/14/2019,02/11/2020,6.9,120
568685,2 Private,12/18/2018,05/03/2019,55.8,136
568685,3 Inst,05/06/2019,07/12/2019,38.3,67
568685,4 Com Sgl,08/06/2019,08/11/2020,139.9,371
568685,5 Com Mul,09/08/2021,10/16/2021,23.3,38
568685,6 CFI,08/31/2020,07/15/2021,34.5,318
568685,8 CFII,07/16/2021,09/04/2021,22.2,50
568687,1 Intro,01/02/2019,02/16/2019,13.4,45
568687,4 Com Sgl,02/16/2019,07/03/2019,98.7,137
568687,5 Com Mul,03/11/2020,08/27/2020,15.8,169
568687,8 CFII,10/14/2019,11/26/2019,5.8,43
568688,1 Intro,01/02/2019,01/21/2019,9.0,19
568690,2 Private,12/18/2018,04/22/2019,69.7,125
568690,3 Inst,04/29/2019,07/31/2019,43.4,93
568690,4 Com Sgl,08/21/2019,01/30/2020,122.3,162
568690,5 Com Mul,03/01/2021,04/16/2021,20.0,46
568690,6 CFI,02/03/2020,07/28/2020,22.6,176
568690,8 CFII,10/29/2020,12/10/2020,8.3,42
568690,9 MEI,04/20/2021,10/05/2021,17.1,168
568691,2 Private,12/18/2018,06/01/2019,64.1,165
568691,3 Inst,06/13/2019,08/28/2019,35.1,76
568691,4 Com Sgl,08/29/2019,12/18/2019,124.2,111
568691,5 Com Mul,03/23/2020,06/15/2020,19.7,84
568691,6 CFI,01/17/2020,03/08/2020,14.6,51
568691,8 CFII,06/16/2020,07/10/2020,7.1,24
568692,2 Private,12/18/2018,04/17/2019,43.5,120
568692,3 Inst,05/14/2019,08/10/2019,42.0,88
568692,4 Com Sgl,09/04/2019,06/07/2020,136.8,277
568692,5 Com Mul,04/29/2021,08/07/2021,23.8,100
568692,6 CFI,03/16/2020,12/15/2020,21.7,274
568692,8 CFII,12/28/2020,04/27/2021,16.7,120
568694,2 Private,12/18/2018,04/10/2019,53.2,113
568694,3 Inst,04/16/2019,07/03/2019,42.2,78
568694,4 Com Sgl,08/01/2019,02/16/2020,130.8,199
568694,5 Com Mul,02/01/2021,03/10/2021,22.5,37
568694,6 CFI,02/03/2020,07/14/2020,17.2,162
568694,8 CFII,08/03/2020,12/29/2020,14.5,148
568694,9 MEI,03/10/2021,04/19/2021,18.2,40
568696,2 Private,12/18/2018,08/15/2019,66.6,240
568696,3 Inst,08/31/2019,08/12/2020,67.1,347
568696,4 Com Sgl,08/19/2020,05/08/2021,121.0,262
568696,5 Com Mul,05/17/2021,07/14/2021,23.4,58
568696,6 CFI,06/09/2021,09/08/2021,23.0,91
568696,8 CFII,09/09/2021,10/20/2021,20.2,41
568697,2 Private,12/18/2018,04/24/2019,53.8,127
568697,3 Inst,05/10/2019,08/26/2019,50.8,108
568697,4 Com Sgl,08/28/2019,01/21/2020,124.5,146
568697,5 Com Mul,10/01/2020,11/20/2020,16.6,50
568697,6 CFI,01/17/2020,06/06/2020,15.0,141
568697,8 CFII,06/23/2020,08/05/2020,9.4,43
568697,9 MEI,11/23/2020,01/13/2021,16.3,51
568698,2 Private,12/18/2018,06/27/2019,66.5,191
568698,3 Inst,07/08/2019,11/20/2019,49.7,135
568698,4 Com Sgl,12/18/2019,09/06/2020,134.1,263
568698,6 CFI,10/05/2020,07/07/2021,51.3,275
568698,8 CFII,07/08/2021,09/03/2021,23.2,57
568700,1 Intro,01/02/2019,01/14/2019,8.1,12
568700,3 Inst,01/15/2019,05/03/2019,51.1,108
568700,4 Com Sgl,05/11/2019,10/03/2019,135.3,145
568700,5 Com Mul,01/30/2020,02/19/2020,16.8,20
568700,8 CFII,02/06/2020,05/27/2020,10.0,111
568701,1 Intro,01/02/2019,01/21/2019,11.9,19
568701,3 Inst,01/22/2019,04/16/2019,51.4,84
568701,4 Com Sgl,03/16/2019,09/25/2019,130.9,193
568701,5 Com Mul,06/18/2020,08/21/2020,5.2,64
568701,8 CFII,02/06/2020,03/24/2020,5.9,47
568702,1 Intro,01/02/2019,02/03/2019,15.9,32
568703,2 Private,12/18/2018,06/18/2019,78.2,182
568703,3 Inst,06/28/2019,09/20/2019,44.2,84
568703,4 Com Sgl,09/27/2019,02/25/2020,139.8,151
568703,5 Com Mul,02/01/2021,04/02/2021,17.4,60
568703,6 CFI,01/17/2020,07/23/2020,26.5,188
568703,8 CFII,10/29/2020,01/23/2021,11.0,86
568703,9 MEI,04/05/2021,07/15/2021,19.0,101
568704,2 Private,12/18/2018,05/02/2019,58.2,135
568704,3 Inst,05/15/2019,09/05/2019,44.1,113
568704,4 Com Sgl,09/06/2019,06/03/2020,138.2,271
568704,6 CFI,06/19/2020,08/18/2020,15.9,60
568704,8 CFII,10/08/2020,08/29/2021,31.1,325
568705,2 Private,12/18/2018,03/26/2019,39.8,98
568705,3 Inst,04/01/2019,05/23/2019,25.0,52
568705,4 Com Sgl,05/31/2019,09/13/2019,130.9,105
568705,5 Com Mul,07/23/2020,03/30/2021,16.7,250
568705,8 CFII,02/06/2020,03/24/2020,1.7,47
568705,9 MEI,04/05/2021,05/12/2021,16.1,37
583256,1 Intro,02/04/2019,02/22/2019,7.3,18
583256,3 Inst,02/25/2019,05/18/2019,35.2,82
583256,4 Com Sgl,05/23/2019,11/05/2019,156.1,166
583256,5 Com Mul,11/14/2019,03/08/2021,18.2,480
583256,6 CFI,02/03/2020,06/13/2020,22.4,131
583256,8 CFII,08/03/2020,09/28/2020,11.2,56
583257,2 Private,02/04/2019,08/03/2019,78.9,180
583257,3 Inst,08/14/2019,02/07/2020,70.1,177
583257,4 Com Sgl,02/17/2020,09/09/2020,132.5,205
583257,5 Com Mul,03/05/2021,05/02/2021,22.3,58
583257,6 CFI,10/05/2020,12/26/2020,22.4,82
583257,8 CFII,12/28/2020,03/04/2021,12.9,66
583258,2 Private,02/04/2019,06/03/2019,57.4,119
583258,3 Inst,06/13/2019,09/25/2019,39.5,104
583258,4 Com Sgl,09/27/2019,07/11/2020,126.9,288
583258,5 Com Mul,07/24/2020,03/22/2021,17.4,241
583258,6 CFI,08/31/2020,01/20/2021,18.3,142
583258,8 CFII,03/24/2021,09/11/2021,14.3,171
583259,2 Private,02/04/2019,04/11/2019,45.8,66
583259,3 Inst,04/24/2019,06/07/2019,29.1,44
583259,4 Com Sgl,06/19/2019,09/12/2019,121.3,85
583259,5 Com Mul,01/30/2020,03/03/2020,18.4,33
583259,6 CFI,10/07/2019,12/05/2019,6.7,59
583259,8 CFII,02/06/2020,05/23/2020,10.7,107
583260,1 Intro,02/04/2019,02/26/2019,6.6,22
583261,1 Intro,02/04/2019,02/27/2019,8.6,23
583261,3 Inst,02/27/2019,05/20/2019,29.3,82
583261,4 Com Sgl,05/23/2019,12/02/2019,161.5,193
583262,1 Intro,02/04/2019,02/18/2019,8.4,14
583262,3 Inst,02/19/2019,04/28/2019,40.3,68
583262,4 Com Sgl,05/06/2019,08/05/2019,126.8,91
583262,5 Com Mul,03/23/2020,09/15/2020,16.5,176
583262,8 CFII,10/14/2019,11/26/2019,7.1,43
583263,1 Intro,02/08/2019,03/06/2019,13.1,26
583263,3 Inst,02/04/2019,07/03/2019,40.8,149
583263,4 Com Sgl,07/26/2019,07/12/2020,153.2,352
583263,5 Com Mul,04/01/2021,05/13/2021,19.4,42
583263,6 CFI,03/16/2020,01/21/2021,33.3,311
583263,8 CFII,01/22/2021,03/31/2021,15.6,68
583266,1 Intro,02/04/2019,03/21/2019,6.3,45
583266,3 Inst,02/22/2019,05/03/2019,33.7,70
583266,4 Com Sgl,05/22/2019,11/02/2019,144.5,164
583266,5 Com Mul,11/14/2019,12/12/2019,18.0,28
583266,6 CFI,12/16/2019,02/14/2020,8.8,60
583266,8 CFII,05/04/2020,06/25/2020,8.6,52
583267,1 Intro,02/04/2019,03/18/2019,13.6,42
583268,1 Intro,02/04/2019,02/27/2019,11.3,23
589480,1 Intro,03/27/2019,03/27/2019,9.7,0
589480,3 Inst,03/28/2019,08/01/2019,49.6,126
589480,4 Com Sgl,08/30/2019,05/28/2020,120.5,272
589480,5 Com Mul,05/12/2021,09/16/2021,19.1,127
589480,6 CFI,07/13/2020,10/08/2020,18.9,87
589480,8 CFII,12/07/2020,05/11/2021,8.9,155
589481,2 Private,03/04/2019,07/01/2019,39.1,119
589481,3 Inst,07/09/2019,10/18/2019,51.0,101
589481,4 Com Sgl,10/25/2019,06/17/2020,145.2,236
589481,5 Com Mul,03/15/2021,04/19/2021,15.2,35
589481,6 CFI,03/16/2020,10/30/2020,16.9,228
589481,8 CFII,11/04/2020,03/14/2021,19.0,130
589482,1 Intro,03/04/2019,03/26/2019,12.5,22
589482,3 Inst,03/27/2019,05/24/2019,33.7,58
589482,4 Com Sgl,06/26/2019,12/04/2019,125.5,161
589482,5 Com Mul,12/07/2020,03/01/2021,15.6,84
589482,6 CFI,12/16/2019,02/11/2020,9.0,57
589482,8 CFII,05/04/2020,06/20/2020,7.4,47
589483,1 Intro,03/04/2019,03/20/2019,8.1,16
589484,1 Intro,03/04/2019,04/01/2019,11.1,28
589484,3 Inst,04/01/2019,07/09/2019,45.8,99
589484,4 Com Sgl,08/06/2019,06/09/2020,158.7,308
589485,2 Private,03/04/2019,08/01/2019,51.4,150
589485,3 Inst,08/16/2019,08/03/2020,85.0,353
589486,1 Intro,03/04/2019,03/28/2019,6.3,24
589487,1 Intro,03/04/2019,03/22/2019,11.0,18
589488,2 Private,03/04/2019,12/19/2019,79.8,290
589488,3 Inst,12/20/2019,08/05/2020,73.1,229
589488,4 Com Sgl,08/17/2020,03/06/2021,123.7,201
589488,5 Com Mul,03/10/2021,04/26/2021,22.3,47
589488,6 CFI,05/03/2021,09/03/2021,35.9,123
589488,8 CFII,09/07/2021,10/18/2021,20.7,41
589489,1 Intro,03/04/2019,03/22/2019,5.2,18
589489,3 Inst,03/22/2019,05/14/2019,35.0,53
589489,4 Com Sgl,05/23/2019,08/08/2019,129.6,77
589489,5 Com Mul,01/30/2020,02/21/2020,3.5,22
589489,8 CFII,10/14/2019,01/20/2020,9.8,98
589490,1 Intro,03/04/2019,03/25/2019,6.0,21
589490,3 Inst,03/25/2019,06/01/2019,38.3,68
589490,4 Com Sgl,06/07/2019,09/15/2019,120.7,100
589490,5 Com Mul,01/30/2020,02/19/2020,17.2,20
589490,8 CFII,12/16/2019,01/28/2020,6.8,43
589490,9 MEI,06/04/2021,09/23/2021,22.4,111
589491,1 Intro,03/04/2019,03/22/2019,5.4,18
589491,3 Inst,03/25/2019,05/07/2019,34.8,43
589491,4 Com Sgl,05/17/2019,08/14/2019,121.9,89
589491,5 Com Mul,01/02/2020,02/19/2020,16.7,48
589491,8 CFII,10/14/2019,11/26/2019,7.6,43
589492,2 Private,03/04/2019,10/04/2019,92.7,214
589492,3 Inst,10/17/2019,03/04/2020,55.9,139
589492,4 Com Sgl,03/18/2020,10/31/2020,118.2,227
589492,5 Com Mul,07/03/2021,08/12/2021,25.0,40
589492,6 CFI,11/02/2020,05/19/2021,37.2,198
589492,8 CFII,05/18/2021,07/01/2021,16.0,44
589493,2 Private,03/04/2019,10/15/2019,98.9,225
589493,3 Inst,10/17/2019,05/31/2020,80.4,227
589493,4 Com Sgl,04/02/2020,10/01/2020,131.1,182
589493,5 Com Mul,10/14/2020,11/23/2020,26.5,40
589493,6 CFI,12/07/2020,05/13/2021,22.9,157
589493,8 CFII,05/14/2021,07/21/2021,23.5,68
589497,1 Intro,03/04/2019,04/02/2019,14.3,29
589497,3 Inst,04/02/2019,07/26/2019,44.7,115
589497,4 Com Sgl,08/08/2019,06/13/2020,145.1,310
589497,5 Com Mul,05/26/2021,08/11/2021,24.8,77
589497,6 CFI,03/16/2020,11/18/2020,21.3,247
589497,8 CFII,11/20/2020,05/25/2021,20.4,186
589498,2 Private,03/04/2019,07/26/2019,44.3,144
589498,3 Inst,08/13/2019,11/05/2019,48.6,84
589498,4 Com Sgl,11/06/2019,08/05/2020,124.1,273
589498,5 Com Mul,06/24/2021,08/24/2021,27.4,61
589498,6 CFI,08/31/2020,03/20/2021,32.0,201
589498,8 CFII,03/23/2021,06/23/2021,18.7,92
595670,2 Private,04/01/2019,06/03/2019,47.3,63
595670,3 Inst,06/14/2019,08/28/2019,43.3,75
595670,4 Com Sgl,09/03/2019,02/16/2020,138.3,166
595670,5 Com Mul,03/06/2021,07/15/2021,20.6,131
595670,6 CFI,02/03/2020,08/06/2020,17.0,185
595670,8 CFII,10/01/2020,03/05/2021,10.3,155
595671,2 Private,04/01/2019,08/11/2019,57.0,132
595671,3 Inst,08/27/2019,12/21/2019,66.5,116
595671,4 Com Sgl,01/17/2020,08/26/2020,144.9,222
595671,5 Com Mul,01/13/2021,03/10/2021,20.4,56
595671,6 CFI,08/31/2020,11/09/2020,12.8,70
595671,8 CFII,11/11/2020,01/13/2021,10.8,63
595672,1 Intro,04/01/2019,04/17/2019,6.5,16
595672,3 Inst,04/17/2019,02/15/2020,78.4,304
595675,2 Private,04/01/2019,07/27/2019,58.6,117
595675,3 Inst,08/20/2019,11/09/2019,62.4,81
595675,4 Com Sgl,11/14/2019,02/21/2020,120.2,99
595675,5 Com Mul,11/11/2020,03/01/2021,25.3,110
595675,6 CFI,02/03/2020,06/24/2020,17.5,142
595675,8 CFII,06/29/2020,08/04/2020,8.5,36
595675,9 MEI,03/02/2021,07/27/2021,25.1,147
595676,2 Private,04/01/2019,07/24/2019,43.8,114
595676,3 Inst,09/04/2019,12/19/2019,53.9,106
595676,4 Com Sgl,01/21/2020,09/25/2020,126.5,248
595676,5 Com Mul,07/06/2021,09/03/2021,16.1,59
595676,6 CFI,11/02/2020,04/26/2021,29.7,175
595676,8 CFII,04/27/2021,07/19/2021,20.8,83
595677,2 Private,04/01/2019,09/05/2019,82.8,157
595678,1 Intro,04/08/2019,04/16/2019,5.6,8
595678,3 Inst,04/16/2019,06/16/2019,31.4,61
595678,4 Com Sgl,06/25/2019,09/15/2019,122.8,82
595678,5 Com Mul,01/30/2020,02/21/2020,1.8,22
595678,8 CFII,12/04/2019,01/22/2020,12.1,49
595678,9 MEI,12/07/2020,01/21/2021,12.2,45
595680,1 Intro,04/01/2019,04/26/2019,10.4,25
595680,4 Com Sgl,04/26/2019,10/20/2019,135.9,177
595680,6 CFI,09/09/2019,01/25/2020,,138
595681,1 Intro,04/01/2019,05/18/2019,10.9,47
595683,2 Private,04/01/2019,08/05/2019,47.6,126
595683,3 Inst,08/31/2019,12/23/2019,58.6,114
595683,4 Com Sgl,02/14/2020,12/05/2020,118.3,295
595683,5 Com Mul,12/08/2020,02/08/2021,18.8,62
595683,6 CFI,02/08/2021,09/02/2021,25.6,206
595683,8 CFII,09/03/2021,11/16/2021,19.9,74
595684,2 Private,04/01/2019,08/03/2019,49.6,124
595684,3 Inst,08/16/2019,10/14/2019,39.9,59
595684,4 Com Sgl,10/20/2019,03/02/2020,114.0,134
595684,5 Com Mul,11/13/2020,02/02/2021,16.9,81
595684,6 CFI,02/03/2020,06/15/2020,19.1,133
595684,8 CFII,08/03/2020,09/08/2020,7.9,36
595684,9 MEI,02/03/2021,03/31/2021,17.9,56
595687,2 Private,04/01/2019,06/23/2019,43.2,83
595687,3 Inst,07/01/2019,10/02/2019,50.4,93
595687,4 Com Sgl,10/08/2019,06/13/2020,123.1,249
595687,5 Com Mul,03/06/2021,05/13/2021,18.6,68
595687,6 CFI,03/16/2020,10/04/2020,16.6,202
595687,8 CFII,12/07/2020,03/05/2021,12.4,88
595688,2 Private,04/01/2019,08/30/2019,54.3,151
595691,2 Private,04/01/2019,09/10/2019,60.9,162
595692,2 Private,04/01/2019,08/20/2019,68.1,141
595692,3 Inst,09/04/2019,05/24/2020,70.2,263
595692,4 Com Sgl,04/06/2020,10/02/2020,122.8,179
595692,5 Com Mul,09/15/2021,11/15/2021,29.3,61
595692,6 CFI,11/02/2020,08/19/2021,39.9,290
603410,2 Private,05/06/2019,07/07/2019,41.3,62
603410,3 Inst,07/25/2019,09/26/2019,46.2,63
603410,4 Com Sgl,09/30/2019,02/16/2020,144.9,139
603410,5 Com Mul,12/07/2020,03/14/2021,19.4,97
603410,6 CFI,02/03/2020,07/06/2020,26.3,154
603410,8 CFII,07/01/2020,09/15/2020,15.3,76
603411,2 Private,05/06/2019,09/18/2019,56.0,135
603411,3 Inst,09/19/2019,07/24/2020,79.4,309
603411,4 Com Sgl,04/06/2020,03/04/2021,112.7,332
603411,5 Com Mul,03/10/2021,04/26/2021,21.0,47
603411,6 CFI,05/03/2021,09/16/2021,22.6,136
603412,2 Private,05/06/2019,08/15/2019,52.5,101
603412,3 Inst,08/28/2019,02/28/2020,74.4,184
603416,2 Private,05/06/2019,09/04/2019,50.2,121
603416,3 Inst,09/11/2019,11/23/2019,49.8,73
603416,4 Com Sgl,01/13/2020,11/16/2020,126.2,308
603423,1 Intro,05/06/2019,05/24/2019,9.8,18
603423,3 Inst,05/28/2019,07/03/2019,35.3,36
603423,4 Com Sgl,07/10/2019,12/28/2019,151.6,171
603423,5 Com Mul,12/07/2020,02/25/2021,15.1,80
603423,6 CFI,01/17/2020,06/05/2020,16.1,140
603423,8 CFII,06/24/2020,08/12/2020,11.1,49
603425,1 Intro,05/06/2019,05/20/2019,7.6,14
603425,3 Inst,05/20/2019,08/02/2019,35.0,74
603425,4 Com Sgl,08/08/2019,11/26/2019,139.5,110
603425,5 Com Mul,10/22/2020,01/13/2021,21.5,83
603425,6 CFI,12/16/2019,03/08/2020,13.6,83
603425,8 CFII,05/04/2020,06/11/2020,8.3,38
603425,9 MEI,01/13/2021,02/20/2021,15.3,38
603427,1 Intro,05/06/2019,05/22/2019,10.2,16
603429,2 Private,05/06/2019,08/02/2019,47.8,88
603429,3 Inst,08/24/2019,11/23/2019,54.9,91
603429,4 Com Sgl,12/05/2019,06/25/2020,114.7,203
603429,5 Com Mul,02/11/2021,05/06/2021,19.8,84
603429,6 CFI,08/03/2020,10/18/2020,21.7,76
603429,8 CFII,12/23/2020,02/11/2021,11.3,50
606222,2 Private,05/06/2019,10/25/2019,81.0,172
606222,3 Inst,11/11/2019,06/16/2020,67.4,218
606222,4 Com Sgl,04/06/2020,11/05/2020,98.8,213
606222,5 Com Mul,06/19/2021,08/14/2021,20.5,56
606222,6 CFI,12/07/2020,04/22/2021,17.5,136
606222,8 CFII,04/23/2021,06/30/2021,24.5,68
606223,2 Private,05/06/2019,08/02/2019,37.4,88
606223,3 Inst,08/21/2019,10/12/2019,51.6,52
606223,4 Com Sgl,10/15/2019,12/11/2019,140.9,57
606223,5 Com Mul,12/13/2019,02/21/2020,11.4,70
606223,6 CFI,12/16/2019,09/01/2020,22.5,260
612040,8 CFII,12/02/2019,01/20/2020,7.9,49
614067,2 Private,06/03/2019,11/19/2019,55.8,169
614067,3 Inst,01/01/2020,10/17/2020,61.0,290
614067,4 Com Sgl,10/23/2020,08/08/2021,131.4,289
614067,5 Com Mul,08/17/2021,10/01/2021,22.7,45
614068,2 Private,06/03/2019,10/12/2019,76.0,131
614068,3 Inst,10/17/2019,05/28/2020,55.4,224
614068,4 Com Sgl,04/06/2020,12/14/2020,123.8,252
614068,5 Com Mul,09/12/2021,11/05/2021,18.6,54
614068,6 CFI,01/05/2021,07/15/2021,42.8,191
614068,8 CFII,07/19/2021,09/10/2021,24.5,53
614069,2 Private,06/03/2019,11/19/2019,66.6,169
614070,1 Intro,06/03/2019,06/27/2019,8.1,24
614071,2 Private,06/03/2019,08/24/2019,54.6,82
614071,3 Inst,09/05/2019,01/07/2020,68.9,124
614071,4 Com Sgl,02/14/2020,09/15/2020,144.2,214
614071,5 Com Mul,10/16/2020,12/11/2020,20.1,56
614072,2 Private,06/03/2019,11/26/2019,65.3,176
614072,3 Inst,01/22/2020,10/08/2020,37.4,260
614072,4 Com Sgl,10/14/2020,05/19/2021,118.4,217
614072,5 Com Mul,05/26/2021,09/03/2021,23.9,100
614076,1 Intro,06/03/2019,06/21/2019,9.9,18
614076,3 Inst,06/21/2019,08/22/2019,35.8,62
614076,4 Com Sgl,09/10/2019,09/14/2020,147.3,370
614078,2 Private,06/03/2019,12/09/2019,77.5,189
614078,3 Inst,12/20/2019,07/22/2020,52.8,215
614078,4 Com Sgl,08/03/2020,11/04/2020,121.3,93
614078,5 Com Mul,08/31/2021,11/18/2021,23.7,79
614078,6 CFI,12/07/2020,04/21/2021,18.6,135
614078,8 CFII,04/22/2021,08/16/2021,18.0,116
614079,2 Private,06/03/2019,11/08/2019,61.4,158
614079,3 Inst,12/13/2019,06/22/2020,45.8,192
614079,4 Com Sgl,07/04/2020,04/02/2021,121.1,272
614079,6 CFI,04/05/2021,08/02/2021,29.5,119
614079,8 CFII,08/03/2021,09/13/2021,16.8,41
614080,1 Intro,05/27/2019,06/27/2019,12.7,31
614080,3 Inst,06/28/2019,09/25/2019,59.5,89
614080,4 Com Sgl,10/14/2019,06/26/2020,141.8,256
614080,5 Com Mul,03/01/2021,07/19/2021,28.3,140
614080,6 CFI,07/13/2020,09/29/2020,20.2,78
614080,8 CFII,10/12/2020,12/29/2020,12.9,78
614081,2 Private,06/03/2019,07/14/2020,85.7,407
614081,3 Inst,04/02/2020,02/12/2021,49.1,316
614081,4 Com Sgl,02/15/2021,09/24/2021,123.5,221
622610,2 Private,07/08/2019,11/05/2020,115.0,486
622611,1 Intro,07/08/2019,07/23/2019,7.3,15
622611,3 Inst,07/24/2019,10/20/2019,51.6,88
622611,4 Com Sgl,10/24/2019,09/14/2020,133.9,326
622611,5 Com Mul,06/01/2021,08/07/2021,24.3,67
622611,6 CFI,12/07/2020,04/10/2021,22.5,124
622611,8 CFII,04/10/2021,06/01/2021,19.5,52
622614,1 Intro,07/08/2019,07/25/2019,13.5,17
622614,3 Inst,07/26/2019,05/26/2020,73.7,305
622615,2 Private,07/08/2019,09/19/2019,49.8,73
622615,3 Inst,10/07/2019,06/01/2020,78.3,238
622615,4 Com Sgl,04/02/2020,09/24/2020,108.5,175
622615,5 Com Mul,08/18/2021,10/27/2021,32.2,70
622615,6 CFI,12/07/2020,05/19/2021,24.6,163
622615,8 CFII,05/20/2021,08/24/2021,22.6,96
622616,2 Private,07/08/2019,11/12/2019,77.1,127
622616,3 Inst,11/15/2019,03/04/2020,54.1,110
622616,4 Com Sgl,03/07/2020,10/24/2020,123.2,231
622616,5 Com Mul,11/02/2020,12/04/2020,21.1,32
622616,6 CFI,12/07/2020,03/23/2021,20.9,106
622616,8 CFII,03/24/2021,04/28/2021,11.4,35
622617,2 Private,07/08/2019,10/28/2019,68.7,112
622617,3 Inst,11/05/2019,03/29/2021,64.6,510
622617,4 Com Sgl,03/31/2021,07/19/2021,134.3,110
622618,2 Private,07/08/2019,11/25/2019,77.2,140
622618,3 Inst,12/13/2019,05/18/2020,49.0,157
622618,4 Com Sgl,04/02/2020,11/12/2020,118.8,224
622618,5 Com Mul,11/13/2020,02/02/2021,20.8,81
622618,6 CFI,02/08/2021,07/19/2021,23.9,161
622619,2 Private,07/08/2019,09/30/2019,51.3,84
622619,3 Inst,10/25/2019,01/16/2020,49.9,83
622619,4 Com Sgl,02/04/2020,07/21/2020,123.5,168
622619,5 Com Mul,08/03/2020,03/17/2021,20.3,226
622619,6 CFI,08/03/2020,09/20/2020,17.6,48
622619,8 CFII,11/03/2020,04/19/2021,6.8,167
622621,2 Private,07/08/2019,11/17/2019,67.4,132
622621,3 Inst,12/11/2019,08/20/2020,60.4,253
622621,4 Com Sgl,08/28/2020,03/12/2021,115.6,196
622621,5 Com Mul,03/16/2021,04/26/2021,18.9,41
622621,6 CFI,05/03/2021,09/02/2021,27.7,122
622621,8 CFII,08/20/2021,09/26/2021,18.5,37
622622,1 Intro,07/08/2019,07/19/2019,8.9,11
622622,3 Inst,07/21/2019,10/23/2019,54.9,94
622622,4 Com Sgl,11/01/2019,02/14/2020,118.6,105
622622,5 Com Mul,10/29/2020,01/12/2021,24.1,75
622622,6 CFI,01/17/2020,06/25/2020,22.8,160
622622,8 CFII,07/01/2020,09/08/2020,7.1,69
622624,2 Private,07/08/2019,08/26/2020,100.1,415
622624,3 Inst,09/25/2020,05/13/2021,33.2,230
622624,4 Com Sgl,05/14/2021,10/27/2021,126.8,166
622631,1 Intro,07/08/2019,07/16/2019,7.1,8
622631,3 Inst,07/16/2019,09/23/2019,54.7,69
622631,4 Com Sgl,10/08/2019,02/23/2020,120.3,138
622631,5 Com Mul,03/05/2020,06/20/2020,18.8,107
622631,6 CFI,03/16/2020,08/25/2020,18.3,162
622631,8 CFII,09/01/2020,10/06/2020,7.4,35
622632,1 Intro,07/08/2019,07/16/2019,6.7,8
622632,3 Inst,07/16/2019,11/10/2019,52.2,117
622632,4 Com Sgl,11/14/2019,09/18/2020,108.8,309
622632,5 Com Mul,09/24/2021,11/10/2021,18.8,47
622632,6 CFI,03/31/2021,06/29/2021,24.6,90
622632,8 CFII,06/30/2021,09/23/2021,17.8,85
622635,2 Private,07/08/2019,01/22/2020,71.5,198
622635,3 Inst,02/19/2020,07/27/2020,43.9,159
622635,4 Com Sgl,08/14/2020,04/06/2021,115.0,235
622635,5 Com Mul,04/12/2021,07/17/2021,42.4,96
635188,1 Intro,08/06/2019,08/24/2019,12.0,18
635188,3 Inst,08/25/2019,12/24/2019,68.3,121
635188,4 Com Sgl,01/22/2020,10/09/2020,108.4,261
635188,5 Com Mul,04/20/2021,07/16/2021,15.9,87
635188,6 CFI,11/02/2020,02/21/2021,26.8,111
635188,8 CFII,02/22/2021,04/15/2021,13.8,52
635190,2 Private,08/06/2019,01/02/2020,66.8,149
635190,3 Inst,02/19/2020,09/11/2020,62.1,205
635190,4 Com Sgl,09/22/2020,03/14/2021,131.6,173
635190,6 CFI,04/05/2021,08/16/2021,35.5,133
635190,8 CFII,07/14/2021,10/01/2021,24.3,79
635191,2 Private,08/06/2019,02/28/2020,64.2,206
635191,3 Inst,03/23/2020,02/10/2021,60.0,324
635193,1 Intro,08/06/2019,08/19/2019,8.1,13
635193,3 Inst,08/19/2019,11/02/2019,56.0,75
635193,4 Com Sgl,11/09/2019,06/18/2020,118.0,222
635193,5 Com Mul,07/01/2020,03/22/2021,15.0,264
635193,6 CFI,08/03/2020,10/13/2020,36.6,71
635193,8 CFII,03/15/2021,04/27/2021,10.0,43
635194,2 Private,08/06/2019,06/05/2020,100.4,304
635194,3 Inst,04/06/2020,09/25/2020,35.0,172
635194,4 Com Sgl,09/30/2020,05/17/2021,123.8,229
635196,2 Private,08/06/2019,11/25/2019,72.0,111
635196,3 Inst,12/12/2019,06/26/2020,43.3,197
635196,4 Com Sgl,07/10/2020,11/21/2020,110.8,134
635196,5 Com Mul,04/12/2021,07/23/2021,20.8,102
635196,6 CFI,12/07/2020,03/08/2021,21.7,91
635196,8 CFII,03/09/2021,04/27/2021,12.2,49
635197,2 Private,08/06/2019,05/28/2020,101.7,296
635198,2 Private,08/06/2019,07/29/2020,100.6,358
635198,3 Inst,08/13/2020,03/01/2021,41.6,200
635198,4 Com Sgl,03/04/2021,10/19/2021,140.0,229
635200,2 Private,08/06/2019,02/15/2020,76.4,193
635200,3 Inst,03/02/2020,11/12/2020,53.7,255
635200,4 Com Sgl,11/13/2020,08/23/2021,133.1,283
635202,2 Private,08/06/2019,07/20/2020,86.0,349
635202,3 Inst,04/02/2020,11/18/2020,43.4,230
635202,4 Com Sgl,11/24/2020,07/14/2021,117.7,232
635203,2 Private,08/06/2019,02/06/2020,68.9,184
635203,3 Inst,03/05/2020,08/13/2020,42.9,161
635203,4 Com Sgl,08/19/2020,02/11/2021,108.8,176
635203,6 CFI,03/08/2021,09/24/2021,36.8,200
635205,1 Intro,08/06/2019,09/25/2019,51.1,50
635205,3 Inst,09/25/2019,07/13/2020,81.3,292
635205,4 Com Sgl,07/31/2020,12/22/2020,135.3,144
635372,2 Private,08/06/2019,08/05/2020,107.7,365
635372,3 Inst,09/14/2020,12/22/2020,42.3,99
635372,4 Com Sgl,12/28/2020,05/27/2021,138.9,150
635373,1 Intro,08/06/2019,08/21/2019,12.0,15
635373,5 Com Mul,07/21/2021,10/01/2021,17.2,72
635373,6 CFI,02/03/2020,09/22/2020,22.5,232
635373,8 CFII,10/29/2020,04/28/2021,13.3,181
635375,2 Private,08/06/2019,07/29/2020,94.7,358
635375,3 Inst,08/14/2020,07/03/2021,61.5,323
635376,2 Private,08/06/2019,07/13/2020,97.5,342
635377,2 Private,08/06/2019,12/28/2019,61.0,144
635377,3 Inst,01/08/2020,09/14/2020,47.5,250
635377,4 Com Sgl,11/03/2020,05/12/2021,118.5,190
635378,2 Private,08/06/2019,12/22/2019,69.5,138
635378,3 Inst,12/23/2019,07/13/2020,53.6,203
635378,4 Com Sgl,07/27/2020,01/28/2021,127.8,185
635378,5 Com Mul,02/05/2021,03/28/2021,26.8,51
635378,6 CFI,03/08/2021,08/03/2021,43.5,148
635378,8 CFII,08/04/2021,09/03/2021,22.6,30
635379,1 Intro,08/06/2019,08/16/2019,8.3,10
635379,3 Inst,08/16/2019,01/02/2020,61.1,139
635379,4 Com Sgl,02/15/2020,11/10/2020,117.8,269
635379,5 Com Mul,12/07/2020,09/26/2021,28.8,293
635379,6 CFI,01/05/2021,08/02/2021,35.8,209
635382,2 Private,08/06/2019,09/16/2020,107.7,407
635383,2 Private,08/06/2019,02/20/2020,76.5,198
635383,3 Inst,03/05/2020,11/02/2020,39.1,242
635383,4 Com Sgl,11/12/2020,09/09/2021,133.3,301
635386,1 Intro,08/06/2019,08/30/2019,16.7,24
635386,4 Com Sgl,09/04/2019,05/26/2020,146.7,265
635386,5 Com Mul,04/09/2021,05/27/2021,18.4,48
635386,6 CFI,06/19/2020,10/14/2020,23.1,117
635386,8 CFII,12/07/2020,03/30/2021,12.2,113
635390,2 Private,08/06/2019,05/27/2020,94.0,295
635390,3 Inst,04/06/2020,10/30/2020,41.0,207
635390,4 Com Sgl,11/09/2020,09/09/2021,133.0,304
635392,1 Intro,08/06/2019,10/08/2019,21.0,63
635392,5 Com Mul,10/01/2020,12/18/2020,17.5,78
635392,8 CFII,06/08/2020,07/02/2020,7.4,24
635393,2 Private,08/06/2019,02/06/2020,69.4,184
635393,3 Inst,02/21/2020,09/22/2020,47.3,214
635394,2 Private,08/06/2019,06/16/2020,88.9,315
635394,3 Inst,04/06/2020,11/03/2020,38.2,211
635394,4 Com Sgl,11/12/2020,08/24/2021,122.8,285
635395,2 Private,08/06/2019,07/15/2020,75.2,344
635395,3 Inst,08/13/2020,05/19/2021,57.6,279
635396,2 Private,08/06/2019,07/13/2020,97.8,342
635396,3 Inst,07/24/2020,10/14/2020,33.0,82
635396,4 Com Sgl,10/16/2020,03/23/2021,108.8,158
635396,6 CFI,04/05/2021,10/19/2021,47.1,197
635398,2 Private,08/06/2019,05/30/2020,83.2,298
635398,3 Inst,04/02/2020,12/10/2020,31.8,252
635398,4 Com Sgl,12/18/2020,08/06/2021,111.6,231
635398,5 Com Mul,08/10/2021,09/13/2021,26.1,34
635399,1 Intro,08/06/2019,09/04/2019,15.8,29
635399,3 Inst,09/05/2019,08/13/2020,83.1,343
635400,1 Intro,08/06/2019,08/29/2019,15.4,23
635400,3 Inst,08/30/2019,03/01/2020,76.8,184
635400,4 Com Sgl,04/02/2020,12/05/2020,133.2,247
635401,2 Private,08/06/2019,02/17/2020,78.6,195
635401,3 Inst,03/16/2020,09/15/2020,44.2,183
635401,4 Com Sgl,10/07/2020,04/02/2021,108.3,177
635401,5 Com Mul,08/09/2021,09/14/2021,17.9,36
635401,6 CFI,04/05/2021,08/07/2021,46.0,124
635401,8 CFII,09/15/2021,10/18/2021,19.9,33
635403,2 Private,08/06/2019,02/12/2020,81.4,190
635403,3 Inst,02/21/2020,08/12/2020,53.8,173
635403,4 Com Sgl,08/21/2020,01/13/2021,137.4,145
635403,5 Com Mul,06/04/2021,08/08/2021,23.3,65
635403,6 CFI,01/05/2021,04/22/2021,30.2,107
635403,8 CFII,04/23/2021,06/03/2021,15.2,41
637032,2 Private,08/05/2019,06/03/2020,59.3,303
637032,3 Inst,04/02/2020,10/06/2020,32.8,187
637032,4 Com Sgl,10/14/2020,05/11/2021,120.4,209
637099,1 Intro,08/05/2019,10/07/2019,20.3,63
642388,1 Intro,09/09/2019,10/12/2019,17.4,33
642388,3 Inst,10/12/2019,06/01/2020,60.1,233
642388,4 Com Sgl,04/02/2020,11/23/2020,130.4,235
642388,5 Com Mul,11/24/2020,02/17/2021,19.6,85
642388,6 CFI,02/08/2021,05/25/2021,31.6,106
642388,8 CFII,05/26/2021,08/03/2021,26.3,69
642389,2 Private,09/09/2019,07/03/2020,83.9,298
642389,3 Inst,04/06/2020,07/09/2021,53.0,459
642390,1 Intro,09/09/2019,10/03/2019,20.8,24
642390,3 Inst,10/03/2019,12/12/2019,46.6,70
642390,4 Com Sgl,12/23/2019,07/14/2020,132.4,204
642390,5 Com Mul,12/15/2020,02/04/2021,17.5,51
642390,6 CFI,08/31/2020,11/03/2020,17.8,64
642390,8 CFII,11/04/2020,12/15/2020,12.2,41
642391,2 Private,09/09/2019,03/12/2021,128.9,550
642393,2 Private,09/09/2019,01/26/2020,62.1,139
642393,3 Inst,02/12/2020,07/30/2020,35.9,169
642396,1 Intro,09/09/2019,10/01/2019,17.2,22
642396,3 Inst,10/01/2019,12/28/2019,60.5,88
642396,4 Com Sgl,01/09/2020,07/11/2020,114.5,184
642396,5 Com Mul,12/07/2020,03/02/2021,14.5,85
642396,6 CFI,07/20/2020,09/24/2020,18.3,66
642396,8 CFII,10/08/2020,11/02/2020,13.7,25
642397,1 Intro,09/09/2019,10/15/2019,22.0,36
642398,2 Private,09/09/2019,06/16/2020,81.5,281
642398,3 Inst,04/06/2020,10/03/2020,34.2,180
642398,4 Com Sgl,10/14/2020,05/07/2021,125.0,205
642398,5 Com Mul,05/12/2021,07/16/2021,29.1,65
642398,6 CFI,06/09/2021,11/03/2021,30.4,147
642399,1 Intro,09/09/2019,09/27/2019,11.0,18
642399,3 Inst,09/27/2019,06/16/2020,59.2,263
642399,4 Com Sgl,04/06/2020,10/17/2020,110.1,194
642399,5 Com Mul,10/30/2020,11/28/2020,15.5,29
642399,6 CFI,12/07/2020,04/04/2021,27.5,118
642399,8 CFII,04/05/2021,05/21/2021,20.7,46
642400,2 Private,09/09/2019,03/16/2020,70.4,189
642400,3 Inst,03/24/2020,08/24/2020,55.6,153
642400,4 Com Sgl,09/11/2020,11/17/2020,126.3,67
642400,5 Com Mul,04/20/2021,07/26/2021,21.1,97
642400,6 CFI,12/07/2020,03/03/2021,26.4,86
642400,8 CFII,03/04/2021,04/15/2021,11.5,42
642401,2 Private,09/09/2019,06/21/2020,99.9,286
642403,2 Private,09/09/2019,07/20/2020,99.7,315
642403,3 Inst,08/04/2020,02/11/2021,51.7,191
642403,4 Com Sgl,02/11/2021,11/09/2021,146.0,271
642408,2 Private,09/09/2019,01/19/2021,110.7,498
642408,3 Inst,01/21/2021,05/07/2021,37.2,106
642410,2 Private,09/09/2019,07/06/2020,79.6,301
642410,3 Inst,07/13/2020,10/22/2020,35.8,101
642410,4 Com Sgl,10/27/2020,05/22/2021,122.2,207
642410,5 Com Mul,08/28/2021,11/04/2021,17.1,68
642412,2 Private,09/09/2019,06/12/2020,80.4,277
642413,2 Private,09/09/2019,07/27/2020,94.8,322
642413,3 Inst,08/08/2020,12/11/2020,38.8,125
642413,4 Com Sgl,12/16/2020,08/17/2021,142.3,244
642415,1 Intro,09/09/2019,10/07/2019,17.0,28
642415,3 Inst,10/07/2019,10/07/2020,78.3,366
642416,2 Private,09/09/2019,01/20/2020,58.9,133
642416,3 Inst,01/20/2020,08/12/2020,54.4,205
642416,4 Com Sgl,09/07/2020,07/23/2021,116.4,319
642416,5 Com Mul,07/29/2021,08/12/2021,25.8,14
642418,1 Intro,09/09/2019,09/28/2019,9.6,19
642418,3 Inst,09/30/2019,07/01/2020,60.8,275
642418,4 Com Sgl,07/30/2020,11/24/2020,137.5,117
642418,5 Com Mul,05/19/2021,08/14/2021,23.1,87
642418,6 CFI,12/07/2020,03/02/2021,17.4,85
642418,8 CFII,03/03/2021,05/18/2021,22.1,76
642419,2 Private,09/09/2019,07/05/2020,82.8,300
642419,3 Inst,07/15/2020,10/18/2020,31.7,95
642419,4 Com Sgl,10/22/2020,04/23/2021,121.8,183
642419,6 CFI,05/03/2021,10/16/2021,31.4,166
642421,1 Intro,09/09/2019,10/03/2019,15.4,24
642421,3 Inst,10/04/2019,05/24/2020,74.0,233
642421,4 Com Sgl,04/06/2020,06/29/2021,141.5,449
642422,1 Intro,09/09/2019,10/02/2019,10.1,23
642424,1 Intro,09/09/2019,10/16/2019,25.1,37
642424,4 Com Sgl,10/17/2019,01/13/2020,123.1,88
642424,5 Com Mul,11/03/2020,01/12/2021,16.1,70
642424,6 CFI,01/17/2020,05/28/2020,16.8,132
642424,8 CFII,06/24/2020,08/02/2020,7.9,39
642424,9 MEI,01/13/2021,02/03/2021,13.8,21
642425,2 Private,09/09/2019,07/29/2020,105.4,324
642425,3 Inst,08/21/2020,12/02/2020,48.9,103
642425,4 Com Sgl,12/08/2020,07/25/2021,133.1,229
642426,2 Private,09/09/2019,01/21/2021,99.7,500
654838,1 Intro,10/07/2019,11/06/2019,11.7,30
654838,3 Inst,11/07/2019,09/16/2020,70.8,314
654838,4 Com Sgl,11/12/2020,08/01/2021,125.1,262
654839,1 Intro,10/07/2019,11/01/2019,10.5,25
654839,3 Inst,11/01/2019,05/29/2020,53.9,210
654839,4 Com Sgl,04/02/2020,10/08/2020,112.6,189
654839,5 Com Mul,03/15/2021,05/02/2021,18.7,48
654839,6 CFI,11/02/2020,01/19/2021,18.2,78
654839,8 CFII,01/20/2021,03/10/2021,10.3,49
654841,1 Intro,10/07/2019,10/19/2019,7.5,12
654841,3 Inst,10/21/2019,05/27/2020,60.5,219
654841,4 Com Sgl,04/06/2020,12/11/2020,129.4,249
654841,5 Com Mul,12/15/2020,09/04/2021,21.4,263
654841,6 CFI,01/05/2021,07/20/2021,36.3,196
654841,8 CFII,06/03/2021,08/17/2021,17.2,75
654844,1 Intro,10/07/2019,11/15/2019,27.7,39
654847,1 Intro,10/07/2019,10/27/2019,9.0,20
654847,3 Inst,10/28/2019,02/19/2020,53.2,114
654847,4 Com Sgl,02/27/2020,10/02/2020,127.3,218
654847,5 Com Mul,05/19/2021,07/18/2021,13.4,60
654847,6 CFI,11/02/2020,02/20/2021,19.1,110
654847,8 CFII,02/21/2021,05/18/2021,21.8,86
654850,2 Private,10/07/2019,07/01/2020,60.3,268
654850,3 Inst,07/20/2020,11/03/2020,51.5,106
654852,2 Private,10/07/2019,05/26/2020,74.2,232
654852,3 Inst,04/02/2020,08/17/2020,30.8,137
654852,4 Com Sgl,09/24/2020,04/07/2021,119.0,195
654852,5 Com Mul,04/12/2021,06/05/2021,23.2,54
654852,6 CFI,06/09/2021,09/13/2021,20.3,96
654853,2 Private,10/07/2019,07/29/2020,74.3,296
654853,3 Inst,08/25/2020,12/03/2020,41.2,100
654853,4 Com Sgl,12/04/2020,04/28/2021,110.8,145
654853,6 CFI,05/03/2021,09/23/2021,29.3,143
654854,2 Private,10/07/2019,08/31/2020,99.8,329
654854,3 Inst,09/24/2020,04/13/2021,55.3,201
654856,2 Private,10/07/2019,06/05/2020,78.1,242
654856,3 Inst,04/02/2020,08/27/2020,29.8,147
654856,4 Com Sgl,09/23/2020,03/25/2021,106.7,183
654856,5 Com Mul,09/23/2021,11/05/2021,22.8,43
654856,6 CFI,04/05/2021,09/01/2021,33.7,149
654856,8 CFII,09/03/2021,09/28/2021,19.9,25
654859,2 Private,10/07/2019,06/03/2020,71.8,240
654859,3 Inst,04/06/2020,11/12/2020,43.8,220
654859,4 Com Sgl,11/17/2020,09/09/2021,125.1,296
654860,2 Private,10/07/2019,05/23/2020,71.1,229
654860,3 Inst,04/06/2020,01/12/2021,56.4,281
654860,4 Com Sgl,01/13/2021,08/05/2021,128.4,204
654861,2 Private,10/07/2019,09/23/2020,91.0,352
654861,3 Inst,11/12/2020,04/17/2021,30.6,156
654861,4 Com Sgl,04/19/2021,09/17/2021,130.8,151
654862,1 Intro,10/07/2019,11/03/2019,15.5,27
654862,3 Inst,11/04/2019,05/23/2020,47.1,201
654862,4 Com Sgl,04/06/2020,10/16/2020,116.7,193
654862,5 Com Mul,10/21/2020,12/11/2020,18.2,51
654862,6 CFI,12/07/2020,06/22/2021,41.3,197
654862,8 CFII,06/23/2021,08/03/2021,16.3,41
654863,2 Private,10/07/2019,06/15/2020,68.1,252
654863,3 Inst,04/02/2020,12/03/2020,50.5,245
654863,4 Com Sgl,12/04/2020,06/28/2021,116.3,206
654864,1 Intro,10/07/2019,11/16/2019,19.9,40
654864,3 Inst,11/18/2019,12/09/2020,87.5,387
654864,4 Com Sgl,12/10/2020,06/29/2021,124.6,201
654865,1 Intro,10/07/2019,11/08/2019,14.2,32
654865,3 Inst,11/08/2019,05/19/2020,52.5,193
654865,4 Com Sgl,04/02/2020,08/25/2020,121.8,145
654865,5 Com Mul,02/18/2021,04/18/2021,19.9,59
654865,6 CFI,10/05/2020,12/04/2020,19.2,60
654865,8 CFII,12/07/2020,02/17/2021,12.0,72
654869,2 Private,10/07/2019,06/17/2020,78.7,254
654869,3 Inst,07/07/2020,11/28/2020,47.7,144
654869,4 Com Sgl,11/30/2020,05/29/2021,111.1,180
654871,2 Private,10/07/2019,08/14/2020,104.4,312
654871,3 Inst,08/24/2020,11/21/2020,46.9,89
654871,4 Com Sgl,11/24/2020,08/07/2021,117.9,256
654871,5 Com Mul,08/12/2021,09/24/2021,26.5,43
654872,2 Private,10/07/2019,06/06/2020,72.4,243
654872,3 Inst,04/02/2020,09/23/2020,57.6,174
654876,2 Private,10/07/2019,08/05/2020,98.1,303
654876,3 Inst,08/26/2020,05/10/2021,54.9,257
654878,2 Private,10/07/2019,02/26/2021,74.9,508
654878,3 Inst,03/01/2021,05/15/2021,37.4,75
654878,4 Com Sgl,05/17/2021,10/09/2021,134.2,145
654881,2 Private,11/27/2019,07/03/2020,63.4,219
654881,3 Inst,07/24/2020,10/08/2020,48.3,76
654881,4 Com Sgl,10/14/2020,03/07/2021,111.5,144
654881,5 Com Mul,03/10/2021,05/12/2021,24.0,63
654881,6 CFI,04/05/2021,08/17/2021,28.8,134
654881,8 CFII,08/02/2021,09/10/2021,19.5,39
654883,2 Private,10/07/2019,07/27/2020,72.4,294
654883,3 Inst,08/06/2020,11/28/2020,37.7,114
654883,4 Com Sgl,11/30/2020,05/06/2021,122.8,157
662355,8 CFII,12/02/2019,02/16/2020,10.0,76
663348,1 Intro,11/05/2019,12/12/2019,12.0,37
663348,3 Inst,12/12/2019,11/14/2020,58.6,338
663348,4 Com Sgl,11/17/2020,08/15/2021,129.7,271
663350,1 Intro,11/05/2019,12/15/2019,22.3,40
663350,3 Inst,12/15/2019,06/24/2020,47.6,192
663350,4 Com Sgl,07/08/2020,12/03/2020,124.8,148
663350,5 Com Mul,12/07/2020,09/01/2021,39.2,268
663350,6 CFI,01/05/2021,06/23/2021,36.6,169
663350,8 CFII,07/29/2021,09/28/2021,18.8,61
663353,1 Intro,11/05/2019,01/17/2020,25.6,73
663353,3 Inst,01/17/2020,11/05/2020,58.6,293
663354,1 Intro,11/05/2019,12/13/2019,13.5,38
663354,3 Inst,12/14/2019,08/24/2020,63.1,254
663354,4 Com Sgl,09/29/2020,05/12/2021,133.2,225
663354,5 Com Mul,05/14/2021,07/17/2021,19.5,64
663354,6 CFI,06/09/2021,10/01/2021,31.9,114
663355,1 Intro,11/05/2019,12/13/2019,19.4,38
663355,3 Inst,12/14/2019,11/12/2020,65.3,334
663355,4 Com Sgl,11/13/2020,05/05/2021,116.0,173
663355,6 CFI,06/09/2021,09/01/2021,27.7,84
663355,8 CFII,08/23/2021,10/20/2021,25.9,58
663356,2 Private,11/05/2019,06/26/2020,74.0,234
663356,3 Inst,07/10/2020,12/26/2020,49.6,169
663356,4 Com Sgl,12/28/2020,05/27/2021,128.4,150
663357,2 Private,11/05/2019,09/15/2020,95.5,315
663357,3 Inst,10/23/2020,04/02/2021,44.8,161
663357,4 Com Sgl,04/05/2021,07/02/2021,129.3,88
663357,6 CFI,07/12/2021,11/08/2021,44.6,119
663359,2 Private,11/05/2019,06/14/2020,84.5,222
663359,3 Inst,07/01/2020,11/16/2020,56.1,138
663359,4 Com Sgl,11/17/2020,06/22/2021,126.8,217
663359,6 CFI,07/12/2021,10/26/2021,19.5,106
663362,2 Private,11/05/2019,05/28/2020,75.0,205
663362,3 Inst,04/06/2020,10/11/2020,42.2,188
663362,4 Com Sgl,10/14/2020,06/16/2021,145.1,245
663363,2 Private,11/05/2019,09/09/2020,87.0,309
663363,3 Inst,10/05/2020,05/10/2021,45.5,217
663364,2 Private,11/05/2019,06/17/2020,74.0,225
663364,3 Inst,04/06/2020,10/01/2020,31.4,178
663364,4 Com Sgl,10/14/2020,04/06/2021,125.8,174
663364,5 Com Mul,04/12/2021,05/08/2021,17.3,26
663364,6 CFI,05/03/2021,09/08/2021,32.3,128
663364,8 CFII,09/09/2021,10/20/2021,19.4,41
663365,2 Private,11/05/2019,06/15/2020,77.7,223
663365,3 Inst,07/01/2020,12/01/2020,42.0,153
663365,4 Com Sgl,12/09/2020,07/15/2021,115.4,218
663367,2 Private,11/05/2019,11/07/2020,98.0,368
663367,3 Inst,04/02/2020,07/01/2021,50.8,455
663369,2 Private,11/05/2019,07/02/2020,78.4,240
663369,3 Inst,07/21/2020,10/29/2020,46.9,100
663369,4 Com Sgl,11/09/2020,04/23/2021,123.0,165
663369,6 CFI,05/03/2021,08/25/2021,17.0,114
663371,2 Private,11/05/2019,05/23/2020,67.8,200
663371,3 Inst,04/02/2020,10/13/2020,45.7,194
663374,3 Inst,04/06/2020,08/20/2020,39.3,136
663374,4 Com Sgl,09/18/2020,07/09/2021,126.5,294
663374,5 Com Mul,07/16/2021,08/24/2021,27.8,39
674208,1 Intro,12/17/2019,02/17/2020,18.5,62
674208,6 CFI,02/03/2020,06/26/2020,17.2,144
674208,8 CFII,07/01/2020,09/03/2020,11.3,64
674209,1 Intro,12/17/2019,01/30/2020,12.9,44
674209,5 Com Mul,02/24/2021,07/15/2021,23.3,141
674209,6 CFI,02/03/2020,06/26/2020,26.0,144
674209,8 CFII,10/29/2020,02/23/2021,11.8,117
674210,1 Intro,12/17/2019,01/30/2020,12.3,44
674210,5 Com Mul,02/01/2021,04/14/2021,16.1,72
674210,6 CFI,01/31/2020,06/15/2020,16.1,136
674210,8 CFII,08/01/2020,09/08/2020,12.0,38
674211,1 Intro,02/03/2020,08/14/2020,25.1,193
674211,3 Inst,08/14/2020,05/01/2021,60.7,260
674211,4 Com Sgl,05/03/2021,11/09/2021,159.0,190
674212,1 Intro,12/17/2019,02/17/2020,16.6,62
674212,3 Inst,02/18/2020,09/02/2020,51.6,197
674212,4 Com Sgl,09/30/2020,09/18/2021,133.0,353
674214,1 Intro,12/17/2019,02/03/2020,16.6,48
674214,3 Inst,02/03/2020,08/05/2020,54.7,184
674214,4 Com Sgl,08/25/2020,06/22/2021,138.0,301
674215,2 Private,12/17/2019,10/01/2020,65.4,289
674215,3 Inst,10/14/2020,05/01/2021,35.7,199
674217,2 Private,12/17/2019,09/21/2020,63.8,279
674217,3 Inst,09/30/2020,02/16/2021,34.1,139
674219,2 Private,12/17/2019,08/24/2020,63.0,251
674219,3 Inst,09/17/2020,12/04/2020,33.2,78
674219,4 Com Sgl,12/04/2020,03/29/2021,111.7,115
674219,5 Com Mul,06/14/2021,07/14/2021,14.4,30
674219,6 CFI,04/05/2021,08/04/2021,33.3,121
674219,8 CFII,08/05/2021,08/27/2021,11.9,22
674221,2 Private,12/17/2019,07/20/2021,102.3,581
674225,2 Private,12/17/2019,11/02/2020,71.7,321
674225,3 Inst,11/12/2020,03/12/2021,39.4,120
674225,4 Com Sgl,03/15/2021,08/13/2021,124.8,151
674226,2 Private,12/17/2019,08/26/2020,98.9,253
674226,3 Inst,09/25/2020,02/12/2021,54.9,140
674226,4 Com Sgl,02/15/2021,07/17/2021,113.9,152
674226,5 Com Mul,07/23/2021,08/28/2021,26.2,36
674227,2 Private,12/17/2019,08/10/2020,71.8,237
674227,3 Inst,09/16/2020,01/07/2021,46.9,113
674227,4 Com Sgl,01/08/2021,05/22/2021,130.9,134
674227,6 CFI,06/09/2021,10/16/2021,27.6,129
674229,2 Private,12/17/2019,09/25/2020,88.3,283
674229,3 Inst,11/13/2020,04/15/2021,44.8,153
674230,2 Private,12/17/2019,07/24/2021,106.5,585
674231,2 Private,12/17/2019,04/07/2021,100.5,477
674233,2 Private,12/17/2019,08/31/2020,100.9,258
674233,3 Inst,10/19/2020,02/21/2021,50.4,125
674233,4 Com Sgl,02/22/2021,08/06/2021,162.5,165
674234,2 Private,01/09/2020,06/19/2020,63.3,162
674234,3 Inst,07/03/2020,08/31/2020,33.0,59
674234,4 Com Sgl,09/22/2020,04/28/2021,127.8,218
674234,6 CFI,05/03/2021,08/26/2021,42.3,115
674234,8 CFII,08/30/2021,10/05/2021,18.7,36
674235,2 Private,12/17/2019,05/22/2020,46.4,157
674235,3 Inst,04/06/2020,07/20/2020,41.8,105
674235,4 Com Sgl,07/24/2020,11/05/2020,104.7,104
674235,5 Com Mul,05/06/2021,07/15/2021,20.4,70
674235,6 CFI,12/07/2020,02/15/2021,13.4,70
674235,8 CFII,02/17/2021,06/01/2021,11.5,104
674236,2 Private,12/17/2019,09/08/2020,71.3,266
674236,3 Inst,10/07/2020,02/23/2021,44.4,139
674237,2 Private,12/17/2019,04/22/2021,121.5,492
674237,3 Inst,04/23/2021,10/08/2021,77.5,168
674239,2 Private,12/17/2019,08/07/2020,45.4,234
674239,3 Inst,09/23/2020,02/12/2021,38.8,142
674239,4 Com Sgl,02/15/2021,07/21/2021,117.6,156
674240,2 Private,12/17/2019,06/05/2020,61.4,171
674240,3 Inst,06/17/2020,07/26/2020,27.2,39
674240,4 Com Sgl,07/29/2020,09/24/2020,104.8,57
674240,5 Com Mul,12/21/2020,02/05/2021,17.5,46
674240,6 CFI,10/05/2020,12/01/2020,17.9,57
674240,8 CFII,12/01/2020,12/19/2020,5.1,18
674241,2 Private,12/17/2019,06/11/2020,67.3,177
674241,3 Inst,06/17/2020,08/24/2020,35.3,68
674241,4 Com Sgl,09/10/2020,12/03/2020,122.1,84
674241,5 Com Mul,12/07/2020,01/28/2021,16.8,52
674241,6 CFI,01/05/2021,03/09/2021,24.8,63
674241,8 CFII,03/11/2021,04/30/2021,10.2,50
674243,2 Private,12/17/2019,09/08/2020,75.9,266
674243,3 Inst,09/18/2020,01/29/2021,39.6,133
674243,4 Com Sgl,02/02/2021,06/03/2021,116.8,121
674243,6 CFI,06/09/2021,09/24/2021,25.1,107
674245,2 Private,12/17/2019,07/17/2020,55.5,213
674245,3 Inst,07/24/2020,01/22/2021,45.4,182
674245,4 Com Sgl,01/25/2021,08/06/2021,122.1,193
674246,2 Private,12/17/2019,03/02/2021,77.6,441
674247,2 Private,12/23/2019,09/04/2020,96.4,256
674247,3 Inst,09/16/2020,05/24/2021,54.3,250
674247,4 Com Sgl,05/25/2021,10/17/2021,134.4,145
674248,2 Private,12/17/2019,01/29/2021,101.2,409
674248,3 Inst,02/02/2021,09/02/2021,79.3,212
674250,2 Private,12/17/2019,01/19/2021,76.7,399
674250,3 Inst,01/21/2021,06/28/2021,50.6,158
674251,2 Private,12/17/2019,07/28/2020,73.2,224
674251,3 Inst,08/20/2020,01/12/2021,42.8,145
674251,4 Com Sgl,01/13/2021,08/05/2021,121.0,204
674252,2 Private,12/17/2019,09/24/2020,73.5,282
674252,3 Inst,09/22/2020,12/22/2020,35.6,91
674252,4 Com Sgl,12/22/2020,07/02/2021,118.3,192
674252,6 CFI,07/12/2021,11/02/2021,22.9,113
674254,2 Private,12/17/2019,09/04/2020,75.8,262
674254,3 Inst,10/06/2020,02/17/2021,44.4,134
674254,4 Com Sgl,02/18/2021,08/10/2021,120.8,173
674254,5 Com Mul,08/18/2021,11/05/2021,24.5,79
674256,3 Inst,09/15/2020,12/15/2020,60.8,91
674256,5 Com Mul,12/16/2020,02/26/2021,19.4,72
674258,3 Inst,03/14/2020,06/20/2020,47.0,98
674258,4 Com Sgl,06/27/2020,09/25/2020,122.5,90
674258,5 Com Mul,10/02/2020,10/30/2020,18.4,28
674259,1 Intro,12/17/2019,02/20/2020,20.0,65
681481,7 CFI Std,01/06/2020,02/28/2020,14.4,53
687425,2 Private,02/03/2020,08/23/2020,85.5,202
687425,3 Inst,09/18/2020,12/22/2020,49.2,95
687425,4 Com Sgl,12/28/2020,04/30/2021,118.1,123
687425,6 CFI,05/03/2021,09/24/2021,48.1,144
687425,8 CFII,09/07/2021,10/05/2021,23.7,28
687500,3 Inst,11/30/2020,02/23/2021,31.3,85
687500,4 Com Sgl,02/24/2021,06/03/2021,122.0,99
687500,5 Com Mul,06/17/2021,08/08/2021,35.3,52
687501,2 Private,02/03/2020,06/17/2021,116.4,500
687502,2 Private,02/03/2020,12/14/2020,106.5,315
687502,3 Inst,12/16/2020,04/25/2021,41.8,130
687502,4 Com Sgl,04/26/2021,10/19/2021,145.6,176
687503,2 Private,02/03/2020,10/16/2020,65.3,256
687503,3 Inst,10/19/2020,03/17/2021,34.7,149
687503,4 Com Sgl,03/18/2021,10/23/2021,139.8,219
687504,2 Private,02/03/2020,03/20/2021,83.3,411
687504,3 Inst,03/22/2021,07/28/2021,44.5,128
687505,2 Private,02/03/2020,04/07/2021,99.1,429
687505,3 Inst,04/09/2021,10/19/2021,80.8,193
687506,2 Private,02/03/2020,09/22/2020,64.1,232
687506,3 Inst,09/22/2020,11/20/2020,46.8,59
687507,2 Private,02/03/2020,09/22/2020,88.4,232
687507,3 Inst,09/30/2020,11/23/2020,42.0,54
687507,4 Com Sgl,11/24/2020,03/22/2021,101.2,118
687507,5 Com Mul,07/28/2021,09/04/2021,22.3,38
687507,6 CFI,04/05/2021,07/22/2021,41.7,108
687507,8 CFII,06/16/2021,08/05/2021,19.5,50
687508,2 Private,02/03/2020,08/05/2020,78.4,184
687508,3 Inst,08/21/2020,11/04/2020,30.9,75
687508,4 Com Sgl,11/12/2020,03/25/2021,102.9,133
687508,5 Com Mul,08/23/2021,10/16/2021,30.5,54
687508,6 CFI,04/05/2021,08/20/2021,55.1,137
687508,8 CFII,06/19/2021,09/10/2021,31.6,83
687509,2 Private,02/03/2020,08/13/2020,82.3,192
687509,3 Inst,08/31/2020,10/24/2020,51.2,54
687509,4 Com Sgl,10/28/2020,02/11/2021,120.2,106
687509,5 Com Mul,08/06/2021,09/23/2021,32.7,48
687509,6 CFI,03/08/2021,07/14/2021,40.5,128
687509,8 CFII,07/14/2021,08/05/2021,17.9,22
687510,2 Private,02/03/2020,08/26/2020,52.9,205
687510,3 Inst,10/06/2020,01/22/2021,46.5,108
687510,4 Com Sgl,01/26/2021,05/29/2021,120.9,123
687512,1 Intro,02/03/2020,03/04/2020,14.7,30
687512,5 Com Mul,03/01/2021,05/27/2021,25.0,87
687512,6 CFI,03/06/2020,08/01/2020,16.8,148
687512,8 CFII,10/01/2020,02/02/2021,17.7,124
687513,2 Private,02/03/2020,07/28/2020,65.5,176
687513,3 Inst,08/08/2020,10/22/2020,37.0,75
687513,4 Com Sgl,10/27/2020,05/05/2021,121.7,190
687513,5 Com Mul,05/10/2021,08/28/2021,23.0,110
687514,2 Private,02/03/2020,09/29/2020,56.8,239
687514,3 Inst,09/30/2020,01/13/2021,40.4,105
687514,4 Com Sgl,01/14/2021,08/03/2021,116.5,201
687514,6 CFI,08/09/2021,10/21/2021,27.1,73
687516,2 Private,02/03/2020,09/04/2020,78.4,214
687516,3 Inst,09/18/2020,12/22/2020,37.7,95
687516,4 Com Sgl,12/22/2020,04/16/2021,120.1,115
687516,5 Com Mul,08/15/2021,09/14/2021,18.3,30
687516,6 CFI,05/03/2021,08/05/2021,41.5,94
687516,8 CFII,07/01/2021,08/14/2021,14.5,44
687517,2 Private,02/03/2020,11/13/2020,109.1,284
687517,3 Inst,11/17/2020,02/10/2021,33.2,85
687517,4 Com Sgl,02/11/2021,07/12/2021,151.3,151
687517,5 Com Mul,07/14/2021,09/13/2021,29.5,61
687518,3 Inst,11/25/2020,02/24/2021,29.6,91
687518,4 Com Sgl,03/04/2021,06/26/2021,116.0,114
687518,5 Com Mul,07/06/2021,08/11/2021,20.0,36
687519,1 Intro,02/03/2020,02/17/2020,7.9,14
687519,3 Inst,02/17/2020,08/12/2020,65.6,177
687519,4 Com Sgl,08/27/2020,12/11/2020,135.0,106
687519,5 Com Mul,05/25/2021,07/16/2021,20.2,52
687519,6 CFI,01/05/2021,04/14/2021,35.9,99
687519,8 CFII,03/19/2021,05/25/2021,18.8,67
687520,1 Intro,02/03/2020,03/17/2020,18.4,43
687520,3 Inst,03/18/2020,10/30/2020,78.1,226
687520,4 Com Sgl,11/09/2020,05/01/2021,124.3,173
687521,2 Private,02/03/2020,08/15/2020,70.1,194
687521,3 Inst,09/16/2020,11/20/2020,33.4,65
687521,4 Com Sgl,11/24/2020,04/17/2021,123.5,144
687521,6 CFI,05/03/2021,08/24/2021,43.5,113
687521,8 CFII,08/26/2021,10/01/2021,21.5,36
694158,1 Intro,03/03/2020,06/05/2020,12.9,94
694158,3 Inst,06/09/2020,09/30/2020,75.4,113
694158,4 Com Sgl,10/14/2020,04/02/2021,119.5,170
694158,6 CFI,04/05/2021,07/27/2021,39.2,113
694158,8 CFII,07/07/2021,10/01/2021,13.7,86
694159,2 Private,03/03/2020,03/21/2021,113.1,383
694159,3 Inst,03/22/2021,07/14/2021,66.0,114
694160,2 Private,03/03/2020,10/07/2020,86.2,218
694160,3 Inst,11/30/2020,05/19/2021,48.6,170
694164,1 Intro,03/03/2020,05/28/2020,13.1,86
694164,4 Com Sgl,03/03/2020,12/26/2020,119.9,298
694164,5 Com Mul,08/02/2021,09/12/2021,20.8,41
694164,6 CFI,01/05/2021,05/21/2021,21.5,136
694164,8 CFII,05/21/2021,08/01/2021,27.0,72
694166,2 Private,03/03/2020,09/08/2020,68.7,189
694166,3 Inst,10/09/2020,12/22/2020,54.1,74
694166,4 Com Sgl,12/28/2020,04/16/2021,110.6,109
694166,5 Com Mul,09/28/2021,11/12/2021,22.2,45
694166,6 CFI,05/03/2021,08/26/2021,28.3,115
694166,8 CFII,08/02/2021,09/24/2021,17.3,53
694167,2 Private,03/03/2020,09/21/2020,78.3,202
694167,3 Inst,09/30/2020,01/07/2021,39.8,99
694167,4 Com Sgl,01/08/2021,05/20/2021,123.4,132
694167,5 Com Mul,09/28/2021,11/12/2021,21.8,45
694167,6 CFI,06/09/2021,09/16/2021,26.5,99
694167,8 CFII,08/09/2021,09/26/2021,14.5,48
694168,2 Private,03/03/2020,09/25/2020,59.6,206
694168,3 Inst,09/30/2020,02/03/2021,33.3,126
694168,4 Com Sgl,02/04/2021,08/27/2021,116.4,204
694169,1 Intro,03/03/2020,06/17/2020,29.5,106
694169,6 CFI,03/16/2020,11/03/2020,43.1,232
694170,1 Intro,03/03/2020,06/07/2020,13.6,96
694170,4 Com Sgl,06/08/2020,09/04/2020,116.7,88
694171,1 Intro,03/03/2020,06/09/2020,15.4,98
694171,3 Inst,03/03/2020,11/17/2020,46.4,259
694171,4 Com Sgl,11/24/2020,08/05/2021,117.6,254
694172,1 Intro,03/03/2020,06/29/2020,20.4,118
694172,3 Inst,06/30/2020,12/04/2020,57.6,157
694173,1 Intro,03/03/2020,03/17/2020,8.2,14
694173,3 Inst,03/17/2020,07/24/2020,44.8,129
694173,4 Com Sgl,08/05/2020,10/31/2020,122.9,87
694173,5 Com Mul,11/11/2020,12/11/2020,18.0,30
694173,6 CFI,12/07/2020,03/24/2021,28.7,107
694173,8 CFII,03/01/2021,05/11/2021,18.2,71
694175,2 Private,03/03/2020,07/14/2021,128.7,498
694176,2 Private,03/03/2020,12/04/2020,86.7,276
694176,3 Inst,12/07/2020,05/10/2021,43.8,154
694179,2 Private,03/03/2020,02/08/2021,98.2,342
694179,3 Inst,02/09/2021,09/02/2021,77.0,205
694181,2 Private,03/03/2020,08/13/2020,59.4,163
694181,3 Inst,08/19/2020,11/02/2020,38.0,75
694181,4 Com Sgl,11/09/2020,05/18/2021,120.7,190
694181,6 CFI,06/09/2021,09/08/2021,23.4,91
694181,8 CFII,08/23/2021,10/13/2021,16.8,51
694183,2 Private,03/03/2020,10/08/2020,83.7,219
694183,3 Inst,10/14/2020,01/07/2021,37.4,85
694183,4 Com Sgl,01/08/2021,05/26/2021,128.9,138
694183,6 CFI,06/09/2021,11/09/2021,35.7,153
694184,2 Private,03/03/2020,10/09/2020,63.9,220
694184,3 Inst,10/14/2020,04/24/2021,46.6,192
694186,2 Private,03/03/2020,12/22/2020,85.7,294
694186,3 Inst,12/22/2020,07/13/2021,56.8,203
750380,3 Inst,07/20/2020,10/07/2020,33.0,79
750380,4 Com Sgl,10/14/2020,04/30/2021,121.2,198
750380,6 CFI,05/03/2021,08/04/2021,19.5,93
750382,3 Inst,07/20/2020,11/09/2020,42.9,112
750382,4 Com Sgl,11/12/2020,06/28/2021,114.3,228
750383,2 Private,07/20/2020,10/06/2020,54.5,78
750383,3 Inst,10/14/2020,12/09/2020,31.8,56
750383,4 Com Sgl,12/09/2020,04/02/2021,103.5,114
750383,5 Com Mul,09/07/2021,09/29/2021,14.4,22
750383,6 CFI,04/05/2021,08/04/2021,26.2,121
750383,8 CFII,08/02/2021,09/04/2021,16.2,33
750384,6 CFI,10/31/2020,11/04/2020,12.3,4
750386,2 Private,07/20/2020,11/03/2020,61.8,106
750386,3 Inst,11/09/2020,02/17/2021,38.2,100
750386,4 Com Sgl,02/18/2021,07/15/2021,132.1,147
750386,6 CFI,08/09/2021,10/19/2021,24.0,71
752249,2 Private,07/27/2020,11/23/2020,66.8,119
752249,3 Inst,11/24/2020,04/04/2021,35.3,131
752249,4 Com Sgl,04/05/2021,08/11/2021,109.0,128
752249,5 Com Mul,08/17/2021,11/05/2021,29.1,80
754553,3 Inst,08/03/2020,02/12/2021,48.9,193
754553,4 Com Sgl,02/12/2021,09/23/2021,150.0,223
756626,3 Inst,08/10/2020,10/30/2020,39.9,81
756626,4 Com Sgl,11/09/2020,07/22/2021,123.0,255
756627,2 Private,08/10/2020,05/06/2021,86.6,269
756627,3 Inst,05/06/2021,11/05/2021,75.5,183
759074,2 Private,08/17/2020,11/20/2020,48.2,95
759074,3 Inst,11/24/2020,03/09/2021,31.3,105
759074,4 Com Sgl,03/10/2021,06/17/2021,119.4,99
759074,5 Com Mul,07/05/2021,10/05/2021,22.6,92
759074,6 CFI,07/12/2021,09/17/2021,21.8,67
759074,8 CFII,10/06/2021,11/05/2021,10.5,30
759076,2 Private,08/17/2020,12/18/2020,61.3,123
759076,3 Inst,12/22/2020,04/02/2021,34.2,101
759076,4 Com Sgl,04/05/2021,07/28/2021,122.8,114
759078,2 Private,08/17/2020,02/03/2021,81.7,170
759090,2 Private,08/17/2020,01/28/2021,65.9,164
759090,3 Inst,02/17/2021,08/01/2021,68.4,165
759091,2 Private,08/21/2020,01/12/2021,64.7,144
759091,3 Inst,02/23/2021,05/13/2021,55.4,79
759092,2 Private,08/21/2020,06/04/2021,110.1,287
759109,2 Private,08/21/2020,01/12/2021,83.3,144
759109,3 Inst,03/01/2021,05/27/2021,76.0,87
759116,2 Private,08/21/2020,03/05/2021,94.1,196
759116,3 Inst,03/15/2021,05/27/2021,47.1,73
759119,2 Private,08/21/2020,12/02/2020,48.7,103
759119,3 Inst,01/22/2021,04/28/2021,47.7,96
759120,2 Private,08/21/2020,04/28/2021,90.9,250
759122,2 Private,08/21/2020,01/29/2021,71.8,161
759122,3 Inst,03/04/2021,05/12/2021,45.7,69
759123,2 Private,08/21/2020,05/21/2021,102.9,273
762928,2 Private,08/24/2020,11/20/2020,60.9,88
762928,3 Inst,11/24/2020,03/06/2021,30.4,102
762928,4 Com Sgl,03/08/2021,06/29/2021,118.2,113
762928,6 CFI,07/12/2021,10/01/2021,17.6,81
762928,8 CFII,09/27/2021,10/20/2021,15.9,23
762946,2 Private,08/24/2020,05/16/2021,61.1,265
767468,3 Inst,09/14/2020,08/22/2021,56.5,342
767470,3 Inst,09/14/2020,02/02/2021,38.7,141
769320,3 Inst,09/21/2020,03/13/2021,56.6,173
769320,4 Com Sgl,03/22/2021,08/17/2021,149.6,148
769322,3 Inst,09/21/2020,03/09/2021,50.5,169
769322,4 Com Sgl,04/01/2021,09/03/2021,140.4,155
769323,3 Inst,09/21/2020,06/17/2021,44.6,269
778767,2 Private,10/26/2020,05/06/2021,56.1,192
778770,6 CFI,10/26/2020,08/04/2021,60.5,282
780890,2 Private,11/02/2020,08/23/2021,98.9,294
783897,3 Inst,11/16/2020,04/17/2021,40.1,152
790171,3 Inst,12/14/2020,05/18/2021,65.7,155
796276,2 Private,01/11/2021,08/24/2021,83.2,225
796277,3 Inst,01/11/2021,06/02/2021,30.3,142
799455,3 Inst,01/22/2021,06/03/2021,55.9,132
799468,3 Inst,01/22/2021,04/21/2021,43.6,89
799471,3 Inst,01/22/2021,10/27/2021,95.6,278
799658,8 CFII,01/25/2021,03/15/2021,10.8,49
804429,2 Private,02/10/2021,07/30/2021,63.3,170
807023,3 Inst,02/22/2021,05/12/2021,57.4,79
807023,4 Com Sgl,05/12/2021,09/03/2021,129.7,114
815585,2 Private,03/22/2021,08/12/2021,88.0,143
815585,3 Inst,08/20/2021,10/18/2021,65.6,59
834328,2 Private,04/19/2021,08/26/2021,58.9,129
838455,5 Com Mul,04/21/2021,06/17/2021,9.9,57
838509,5 Com Mul,04/21/2021,05/27/2021,11.7,36
838511,5 Com Mul,04/21/2021,06/15/2021,13.0,55
838512,5 Com Mul,04/21/2021,06/04/2021,16.0,44
852788,8 CFII,05/17/2021,06/25/2021,11.1,39
860165,3 Inst,06/07/2021,07/28/2021,59.0,51
860166,2 Private,06/07/2021,09/19/2021,65.7,104
860167,2 Private,06/07/2021,09/26/2021,60.5,111
860168,3 Inst,06/07/2021,08/03/2021,60.0,57
860170,2 Private,06/07/2021,08/11/2021,54.8,65
860170,3 Inst,08/12/2021,10/17/2021,55.5,66
860175,2 Private,06/07/2021,09/02/2021,75.2,87
860176,2 Private,06/07/2021,08/10/2021,53.2,64
860176,3 Inst,08/11/2021,10/23/2021,58.2,73
882051,3 Inst,08/03/2021,09/23/2021,52.8,51
882058,3 Inst,08/02/2021,09/24/2021,50.4,53
882068,2 Private,08/03/2021,10/26/2021,60.9,84
